Model,MeanCV_MAE,StdCV_MAE,MeanCV_R2,StdCV_R2
Tuned Random Forest,1.4764544354891036,0.22771806467280248,0.1368417477472393,0.16545473841534317
Histogram Gradient Boosting,1.5761119871755849,0.2030940530511302,0.0942925448545852,0.13976621310942489
Extra Trees,1.7413717142857128,0.30415632958826044,-0.13440940673052926,0.421724669521889
Gradient Boosting,1.7436934083486229,0.24888783027412137,-0.1315436048205743,0.4082197787017704
